Density_15C_kg_per_L,Weight_in_Air_to_Vacuo_Factor
0.5,1.00225
0.5201,1.00225
0.5202,1.00215
0.5432,1.00215
0.5433,1.00205
0.5684,1.00205
0.5685,1.00195
0.596,1.00195
0.5961,1.00185
0.6265,1.00185
0.6266,1.00175
0.6603,1.00175
0.6604,1.00165
0.698,1.00165
0.6981,1.00155
0.7402,1.00155
0.7403,1.00145
0.7879,1.00145
0.788,1.00135
0.8421,1.00135
0.8422,1.00125
0.9044,1.00125
0.9045,1.00115
0.9766,1.00115
0.9767,1.00105
1.0614,1.00105
1.0615,1.00095
1.1,1.00095
